Language	Speaker	File	Take	Target	Gloss	Translation
Dzongkha	Passang_Dorji	Dzongkha_Passang_Dorji_2026-09-16_item001_take1.wav	1	བསྟན་འཛིན་ གློག་བརྙན་ བལྟ་བར་ ཡར་སོང ་ཡི།	Tenzin Movie To watch gone Past tense particle	Tenzin left to watch movie.
Dzongkha	Passang_Dorji	Dzongkha_Passang_Dorji_2026-09-16_item001_take2.wav	2	བསྟན་འཛིན་ གློག་བརྙན་ བལྟ་བར་ ཡར་སོང ་ཡི།	Tenzin Movie To watch gone Past tense particle	Tenzin left to watch movie.
Dzongkha	Passang_Dorji	Dzongkha_Passang_Dorji_2026-09-16_item001_take3.wav	3	བསྟན་འཛིན་ གློག་བརྙན་ བལྟ་བར་ ཡར་སོང ་ཡི།	Tenzin Movie To watch gone Past tense particle	Tenzin left to watch movie.
Dzongkha	Passang_Dorji	Dzongkha_Passang_Dorji_2026-09-16_item001_take4.wav	4	བསྟན་འཛིན་ གློག་བརྙན་ བལྟ་བར་ ཡར་སོང ་ཡི།	Tenzin Movie To watch gone Past tense particle	Tenzin left to watch movie.
Dzongkha	Passang_Dorji	Dzongkha_Passang_Dorji_2026-09-16_item002_take1.wav	1	བཟང་མོ་ ཕགཔ་  འཆོལ ་བར འགྱོ་ ནུག	Zangmo pig search for go past particle	Zangmo left to search a pig.
Dzongkha	Passang_Dorji	Dzongkha_Passang_Dorji_2026-09-16_item002_take2.wav	2	བཟང་མོ་ ཕགཔ་  འཆོལ ་བར འགྱོ་ ནུག	Zangmo pig search for go past particle	Zangmo left to search a pig.
Dzongkha	Passang_Dorji	Dzongkha_Passang_Dorji_2026-09-16_item002_take3.wav	3	བཟང་མོ་ ཕགཔ་  འཆོལ ་བར འགྱོ་ ནུག	Zangmo pig search for go past particle	Zangmo left to search a pig.
Dzongkha	Passang_Dorji	Dzongkha_Passang_Dorji_2026-09-16_item002_take4.wav	4	བཟང་མོ་ ཕགཔ་  འཆོལ ་བར འགྱོ་ ནུག	Zangmo pig search for go past particle	Zangmo left to search a pig.
Dzongkha	Passang_Dorji	Dzongkha_Passang_Dorji_2026-09-16_item003_take1.wav	1	ཨ་མ་ ཁྲོམ་ ཁར ་ཡོད།	Mother town in Yes	Mother is in the town.
Dzongkha	Passang_Dorji	Dzongkha_Passang_Dorji_2026-09-16_item003_take2.wav	2	ཨ་མ་ ཁྲོམ་ ཁར ་ཡོད།	Mother town in Yes	Mother is in the town.
Dzongkha	Passang_Dorji	Dzongkha_Passang_Dorji_2026-09-16_item003_take3.wav	3	ཨ་མ་ ཁྲོམ་ ཁར ་ཡོད།	Mother town in Yes	Mother is in the town.
Dzongkha	Passang_Dorji	Dzongkha_Passang_Dorji_2026-09-16_item003_take4.wav	4	ཨ་མ་ ཁྲོམ་ ཁར ་ཡོད།	Mother town in Yes	Mother is in the town.
Dzongkha	Passang_Dorji	Dzongkha_Passang_Dorji_2026-09-16_item004_take1.wav	1	ཨ་པ ་ལཱ འབད་ དོ།	Father work do progressive particle	Father is working.
Dzongkha	Passang_Dorji	Dzongkha_Passang_Dorji_2026-09-16_item004_take2.wav	2	ཨ་པ ་ལཱ འབད་ དོ།	Father work do progressive particle	Father is working.
Dzongkha	Passang_Dorji	Dzongkha_Passang_Dorji_2026-09-16_item004_take3.wav	3	ཨ་པ ་ལཱ འབད་ དོ།	Father work do progressive particle	Father is working.
Dzongkha	Passang_Dorji	Dzongkha_Passang_Dorji_2026-09-16_item004_take4.wav	4	ཨ་པ ་ལཱ འབད་ དོ།	Father work do progressive particle	Father is working.
Dzongkha	Passang_Dorji	Dzongkha_Passang_Dorji_2026-09-16_item005_take1.wav	1	ཁོ་ དཔེ་ཆ་ ལྷབ་ དེ།	He book reading progressive particle	He is reading a book.
Dzongkha	Passang_Dorji	Dzongkha_Passang_Dorji_2026-09-16_item005_take2.wav	2	ཁོ་ དཔེ་ཆ་ ལྷབ་ དེ།	He book reading progressive particle	He is reading a book.
Dzongkha	Passang_Dorji	Dzongkha_Passang_Dorji_2026-09-16_item005_take3.wav	3	ཁོ་ དཔེ་ཆ་ ལྷབ་ དེ།	He book reading progressive particle	He is reading a book.
Dzongkha	Passang_Dorji	Dzongkha_Passang_Dorji_2026-09-16_item005_take4.wav	4	ཁོ་ དཔེ་ཆ་ ལྷབ་ དེ།	He book reading progressive particle	He is reading a book.
Dzongkha	Passang_Dorji	Dzongkha_Passang_Dorji_2026-09-16_item006_take1.wav	1	རླུང་ ཤུགས་ སྦེ་ ཕུར་ དེ།	Wind strong by blow progressive particle	The wind is blowing strongly.
Dzongkha	Passang_Dorji	Dzongkha_Passang_Dorji_2026-09-16_item006_take2.wav	2	རླུང་ ཤུགས་ སྦེ་ ཕུར་ དེ།	Wind strong by blow progressive particle	The wind is blowing strongly.
Dzongkha	Passang_Dorji	Dzongkha_Passang_Dorji_2026-09-16_item006_take3.wav	3	རླུང་ ཤུགས་ སྦེ་ ཕུར་ དེ།	Wind strong by blow progressive particle	The wind is blowing strongly.
Dzongkha	Passang_Dorji	Dzongkha_Passang_Dorji_2026-09-16_item006_take4.wav	4	རླུང་ ཤུགས་ སྦེ་ ཕུར་ དེ།	Wind strong by blow progressive particle	The wind is blowing strongly.
Dzongkha	Passang_Dorji	Dzongkha_Passang_Dorji_2026-09-16_item007_take1.wav	1	ཨ་ནི་ སེམས་ མ་ དགའ་ བས།	Aunt mind Negation particle Happy quotative particle	Aunt is said to be unhappy.
Dzongkha	Passang_Dorji	Dzongkha_Passang_Dorji_2026-09-16_item007_take2.wav	2	ཨ་ནི་ སེམས་ མ་ དགའ་ བས།	Aunt mind Negation particle Happy quotative particle	Aunt is said to be unhappy.
Dzongkha	Passang_Dorji	Dzongkha_Passang_Dorji_2026-09-16_item007_take3.wav	3	ཨ་ནི་ སེམས་ མ་ དགའ་ བས།	Aunt mind Negation particle Happy quotative particle	Aunt is said to be unhappy.
Dzongkha	Passang_Dorji	Dzongkha_Passang_Dorji_2026-09-16_item007_take4.wav	4	ཨ་ནི་ སེམས་ མ་ དགའ་ བས།	Aunt mind Negation particle Happy quotative particle	Aunt is said to be unhappy.
Dzongkha	Passang_Dorji	Dzongkha_Passang_Dorji_2026-09-16_item008_take1.wav	1	ཨ་ཞང་ འདི་ སྐྱ་ དཀར་ འཐོན་ ནུག་	Maternal uncle demonstrative particle/this hair white come quotation particle	Maternal uncle's hair has turned white.
Dzongkha	Passang_Dorji	Dzongkha_Passang_Dorji_2026-09-16_item008_take2.wav	2	ཨ་ཞང་ འདི་ སྐྱ་ དཀར་ འཐོན་ ནུག་	Maternal uncle demonstrative particle/this hair white come quotation particle	Maternal uncle's hair has turned white.
Dzongkha	Passang_Dorji	Dzongkha_Passang_Dorji_2026-09-16_item008_take3.wav	3	ཨ་ཞང་ འདི་ སྐྱ་ དཀར་ འཐོན་ ནུག་	Maternal uncle demonstrative particle/this hair white come quotation particle	Maternal uncle's hair has turned white.
Dzongkha	Passang_Dorji	Dzongkha_Passang_Dorji_2026-09-16_item008_take4.wav	4	ཨ་ཞང་ འདི་ སྐྱ་ དཀར་ འཐོན་ ནུག་	Maternal uncle demonstrative particle/this hair white come quotation particle	Maternal uncle's hair has turned white.
Dzongkha	Passang_Dorji	Dzongkha_Passang_Dorji_2026-09-16_item009_take1.wav	1	ཨའི་ གིས་ ལྟོ་ བཟོ།	Mother ergative food prepare	Mother is preparing food.
Dzongkha	Passang_Dorji	Dzongkha_Passang_Dorji_2026-09-16_item009_take2.wav	2	ཨའི་ གིས་ ལྟོ་ བཟོ།	Mother ergative food prepare	Mother is preparing food.
Dzongkha	Passang_Dorji	Dzongkha_Passang_Dorji_2026-09-16_item009_take3.wav	3	ཨའི་ གིས་ ལྟོ་ བཟོ།	Mother ergative food prepare	Mother is preparing food.
Dzongkha	Passang_Dorji	Dzongkha_Passang_Dorji_2026-09-16_item009_take4.wav	4	ཨའི་ གིས་ ལྟོ་ བཟོ།	Mother ergative food prepare	Mother is preparing food.
Dzongkha	Passang_Dorji	Dzongkha_Passang_Dorji_2026-09-16_item010_take1.wav	1	ཁྱིམ་ འདི་ གསརཔ་ འདུག།	House demonstrative /this new copula/be	This house is new.
Dzongkha	Passang_Dorji	Dzongkha_Passang_Dorji_2026-09-16_item010_take2.wav	2	ཁྱིམ་ འདི་ གསརཔ་ འདུག།	House demonstrative /this new copula/be	This house is new.
Dzongkha	Passang_Dorji	Dzongkha_Passang_Dorji_2026-09-16_item010_take3.wav	3	ཁྱིམ་ འདི་ གསརཔ་ འདུག།	House demonstrative /this new copula/be	This house is new.
Dzongkha	Passang_Dorji	Dzongkha_Passang_Dorji_2026-09-16_item010_take4.wav	4	ཁྱིམ་ འདི་ གསརཔ་ འདུག།	House demonstrative /this new copula/be	This house is new.
